scene,scale,depth_a,depth_b,js_divergence,cosine_similarity
bathroom,native,1,2,0.0861938764844849,0.8354863036303591
bathroom,native,2,3,0.023406798796779007,0.9263372176153204
bathroom,native,3,4,0.011280522275597553,0.9760265734463845
bathroom,native,4,5,0.0067170624854997595,0.9850671989190735
bathroom,medium,1,2,0.07599326477295354,0.85463742859104
bathroom,medium,2,3,0.020352167154869323,0.9312508367850477
bathroom,medium,3,4,0.00917536707906185,0.9782961655384202
bathroom,medium,4,5,0.004943191694718532,0.9876052028517118
bathroom,coarse,1,2,0.06282597253638912,0.8765736236711943
bathroom,coarse,2,3,0.01719901555321738,0.9369300787852811
bathroom,coarse,3,4,0.00784508766090418,0.978912231152639
bathroom,coarse,4,5,0.003915809720890434,0.9885902243475261
car,native,1,2,0.15506013343140682,0.75380199699178
car,native,2,3,0.09677741781074656,0.743820384926697
car,native,3,4,0.05048634190011591,0.66368652190849
car,native,4,5,0.028395558951166834,0.7379943114841604
car,medium,1,2,0.1424539338991107,0.7797638576056392
car,medium,2,3,0.08854212805295525,0.8189860165889695
car,medium,3,4,0.04244012789162318,0.8666679901485407
car,medium,4,5,0.02371517073315741,0.8708195213048535
car,coarse,1,2,0.12030219646509327,0.81727777200754
car,coarse,2,3,0.07636367782752485,0.8674035919870511
car,coarse,3,4,0.034916138752721655,0.9222670099394145
car,coarse,4,5,0.020365267729862937,0.9590309096918264
cornell-box,native,1,2,0.04426955999691289,0.9297919484420913
cornell-box,native,2,3,0.007520241937357525,0.9878868197418763
cornell-box,native,3,4,0.0028141562969837023,0.9946893409538229
cornell-box,native,4,5,0.001072508288457365,0.9980365757123351
cornell-box,medium,1,2,0.04251831007627867,0.934906735277447
cornell-box,medium,2,3,0.006784843478443156,0.9895062646042022
cornell-box,medium,3,4,0.00236475675344768,0.9956236837274453
cornell-box,medium,4,5,0.000646962889940626,0.9987151701269793
cornell-box,coarse,1,2,0.036868815572965945,0.9416239011943309
cornell-box,coarse,2,3,0.005510466417182803,0.9908367208215851
cornell-box,coarse,3,4,0.002018213813369583,0.9961085497542691
cornell-box,coarse,4,5,0.000537744766984771,0.9988631197491605
glass-of-water,native,1,2,0.20472552757429532,0.738044750579352
glass-of-water,native,2,3,0.10694490666856876,0.7615344386280878
glass-of-water,native,3,4,0.13619460381496684,0.7190061560626037
glass-of-water,native,4,5,0.10196559772344017,0.7807106440574034
glass-of-water,medium,1,2,0.1887019839524386,0.8085477512808148
glass-of-water,medium,2,3,0.07879440372266754,0.8536816960014377
glass-of-water,medium,3,4,0.10233133394440774,0.8208100429785348
glass-of-water,medium,4,5,0.0703823737535208,0.8885491131693085
glass-of-water,coarse,1,2,0.1588456789669232,0.8940531921775847
glass-of-water,coarse,2,3,0.042341108379234035,0.9396159102857886
glass-of-water,coarse,3,4,0.05919127302709342,0.9191145516264375
glass-of-water,coarse,4,5,0.03976652375436747,0.9578142463947824
kitchen,native,1,2,0.04150607823132638,0.9299122765422176
kitchen,native,2,3,0.007973711227336318,0.9838688429726736
kitchen,native,3,4,0.0031420349165403585,0.9927653965922926
kitchen,native,4,5,0.0021106740338694046,0.9953013474750378
kitchen,medium,1,2,0.03469006911830507,0.944118475542877
kitchen,medium,2,3,0.005892500350280095,0.9892302522684266
kitchen,medium,3,4,0.0018042100773573337,0.9956758642256023
kitchen,medium,4,5,0.0010749597340602448,0.9973202140983248
kitchen,coarse,1,2,0.025967902466413843,0.9580214932641531
kitchen,coarse,2,3,0.003977628585886534,0.9931514765270427
kitchen,coarse,3,4,0.001076148047179125,0.9972542164267705
kitchen,coarse,4,5,0.0005653415894417372,0.9983918824567256
living-room-3,native,1,2,0.09458306536206815,0.8741817965998621
living-room-3,native,2,3,0.027689261463307108,0.9500151160713601
living-room-3,native,3,4,0.018227268704438946,0.9650586966468592
living-room-3,native,4,5,0.0167464057291588,0.9595459857756424
living-room-3,medium,1,2,0.08814968955343117,0.8869756419958719
living-room-3,medium,2,3,0.025509661964731808,0.9541638184209555
living-room-3,medium,3,4,0.016065894474873468,0.9706195318753709
living-room-3,medium,4,5,0.015127796362662786,0.962503549902385
living-room-3,coarse,1,2,0.07274673470345917,0.9119375804044321
living-room-3,coarse,2,3,0.021662028668412613,0.9578191400719807
living-room-3,coarse,3,4,0.013141938021818265,0.9739376761647717
living-room-3,coarse,4,5,0.012724250506330888,0.9670222462246323
staircase2,native,1,2,0.034454770651914185,0.9313564217249729
staircase2,native,2,3,0.01270294199978896,0.9749457532527852
staircase2,native,3,4,0.005091581149504482,0.9902112680504865
staircase2,native,4,5,0.0031350085937751756,0.995924593376092
staircase2,medium,1,2,0.03237407187064409,0.9337619540936526
staircase2,medium,2,3,0.011617382661597763,0.9776366733082913
staircase2,medium,3,4,0.004431835975131472,0.9913324880510973
staircase2,medium,4,5,0.0025065910581316617,0.9964898055579552
staircase2,coarse,1,2,0.02698751254848714,0.9404479624568641
staircase2,coarse,2,3,0.009690600210088503,0.9812799344948978
staircase2,coarse,3,4,0.003500841791560061,0.9931897545522362
staircase2,coarse,4,5,0.0019753864055005745,0.9972353460372847
veach-ajar,native,1,2,0.1717458849539749,0.8427313125105522
veach-ajar,native,2,3,0.028658227201681055,0.9204984417633273
veach-ajar,native,3,4,0.009991566670917043,0.9706897710180054
veach-ajar,native,4,5,0.005523757918042531,0.9798057257902619
veach-ajar,medium,1,2,0.16590780580554212,0.8526416999914429
veach-ajar,medium,2,3,0.026815636765305333,0.9284097880645238
veach-ajar,medium,3,4,0.008708271747104611,0.9771200558691369
veach-ajar,medium,4,5,0.004523746302037523,0.9836967965507568
veach-ajar,coarse,1,2,0.1522178122825776,0.8673685261152875
veach-ajar,coarse,2,3,0.02395899865986073,0.9383008009365614
veach-ajar,coarse,3,4,0.007696234995587754,0.9825395609298191
veach-ajar,coarse,4,5,0.00389047074130785,0.9869565504419354
veach-bidir,native,1,2,0.024052140223227225,0.9117122165017577
veach-bidir,native,2,3,0.006167362791534396,0.9600289900319448
veach-bidir,native,3,4,0.0016179877998306268,0.9946920607751285
veach-bidir,native,4,5,0.0009343737931965912,0.9972233399198274
veach-bidir,medium,1,2,0.022818514386441016,0.9305471332127863
veach-bidir,medium,2,3,0.005561693008049718,0.9706476614711582
veach-bidir,medium,3,4,0.001188613695108567,0.9959512470842086
veach-bidir,medium,4,5,0.000522350646879881,0.9981739260504016
veach-bidir,coarse,1,2,0.01788441022350258,0.9587124415268728
veach-bidir,coarse,2,3,0.004486509791629907,0.9819310349402591
veach-bidir,coarse,3,4,0.0009080583747361037,0.9978704100252764
veach-bidir,coarse,4,5,0.0004285249134545039,0.9986906857151914
veach-mis,native,1,2,0.18970303114362577,0.5878244369322149
veach-mis,native,2,3,0.05872095234892376,0.8603017838444391
veach-mis,native,3,4,0.02715192867637175,0.9234440942183184
veach-mis,native,4,5,0.017294632268550186,0.9691860859953997
veach-mis,medium,1,2,0.18279255123163926,0.6010240647868057
veach-mis,medium,2,3,0.054699649417135274,0.877202931308592
veach-mis,medium,3,4,0.023130967247788695,0.9344174388941947
veach-mis,medium,4,5,0.011193818059541855,0.9778200717335824
veach-mis,coarse,1,2,0.16105130125265854,0.640931103945885
veach-mis,coarse,2,3,0.04496659770151176,0.9079813533639645
veach-mis,coarse,3,4,0.017339095936157692,0.9540923833693292
veach-mis,coarse,4,5,0.007926616290657013,0.9845899699791645
